Recorded Date,GASO Name,GASO NPI,Service Counties,Service Cities,Service ZIPs,EOA Name,EOA Description,Rate Type,Contracted Ambulance Provider NPI,Contracted Ambulance Provider Name,A0428 (BLS-NE),A0429 (BLS-E),A0426 (ALS1-NE),A0427 (ALS1-E),A0433 (ALS2),A0434 (SCT),A0998 (Non-TX),A0425 (Mileage),Effective Date,Additional Comments,Source URL,Rate Source URL,EOA Source URL,NPI Source URL,Scraped At
2026-01-11,Los Angeles County EMS Agency,1194836114,Los Angeles,Los Angeles (City proper),"900xx, 901xx",EOA 9,,Emergency (911),1194836114,Los Angeles County EMS Agency,2121.0,2276.0,3184.0,3408.0,,3835.0,,30.0,"JULY 1, 2025",,https://file.lacounty.gov/SDSInter/dhs/1179694_LACountyAmbRatesFY2526.pdf,https://file.lacounty.gov/SDSInter/dhs/1179694_LACountyAmbRatesFY2526.pdf,https://file.lacounty.gov/SDSInter/dhs/1144684_Table12aStateAmbulanceZone2021-2022_CR.pdf,https://npiregistry.cms.hhs.gov/,2026-01-11T22:29:41.133681
2026-01-11,San Diego County Fire District,1114989639,San Diego,"Encinitas, Escondido, Fallbrook, Poway, San Marcos","920xx, 922xx",County-wide,,Emergency (911),1114989639,San Diego County Fire District,,,,3743.0,,,460.0,48.0,"July 1, 2025",,https://www.sandiegocounty.gov/content/sdc/sdcfa/sdcfd_emergency_ambulance_services.html,https://www.sandiegocounty.gov/content/sdc/sdcfa/sdcfd_emergency_ambulance_services.html,https://www.sandiegocounty.gov/content/sdc/sdcfa/sdcfd_emergency_ambulance_services.html,https://npiregistry.cms.hhs.gov/,2026-01-11T22:29:42.473429
2026-01-11,Orange County EMS Agency,1780719567,Orange,"Anaheim, Santa Ana, Irvine, Huntington Beach, Orange, Fullerton, Costa Mesa, Newport Beach, Garden Grove, Westminster, Laguna Beach, Mission Viejo, San Clemente","926xx, 927xx, 928xx",Region A-E,,Emergency (911),1780719567,Orange County EMS Agency,,2413.51,,2923.74,,,,25.1,"JULY 1, 2025",,https://www.ochealthinfo.com/sites/healthcare/files/2025-07/%235475%20-%20Maximum%20Emergency%20Ground%20Ambulance%20Rates%20-%20July%201%2C%202025.pdf,https://www.ochealthinfo.com/sites/healthcare/files/2025-07/%235475%20-%20Maximum%20Emergency%20Ground%20Ambulance%20Rates%20-%20July%201%2C%202025.pdf,https://ochealthinfo.com/providers-partners/emergency-medical-services/ambulance-performance-section,https://npiregistry.cms.hhs.gov/,2026-01-11T22:29:45.807926
2026-01-11,Riverside County EMS Agency,1376656981,Riverside,"Desert Hot Springs, Sky Valley",922xx,The Coves,"Riverside, Hemet, Palm Springs, Blythe areas",Emergency (911),1376656981,Riverside County EMS Agency,,3446.16,,3446.16,,,,83.8,"July 1, 2025",,https://rivcoready.org/sites/g/files/aldnop181/files/2025-07/Ambulance%20FY25-26%20Rate%20Sheet.pdf,https://rivcoready.org/sites/g/files/aldnop181/files/2025-07/Ambulance%20FY25-26%20Rate%20Sheet.pdf,https://rivcoready.org/sites/g/files/aldnop181/files/2025-07/Ambulance%20FY25-26%20Rate%20Sheet.pdf,https://npiregistry.cms.hhs.gov/,2026-01-11T22:29:47.170109
2026-01-11,Riverside County EMS Agency,1376656981,Riverside,"Desert Hot Springs, Sky Valley",922xx,The Coves,Cathedral City,Emergency (911),1376656981,Riverside County EMS Agency,,2100.0,,2100.0,,,,35.0,"July 1, 2025",,https://rivcoready.org/sites/g/files/aldnop181/files/2025-07/Ambulance%20FY25-26%20Rate%20Sheet.pdf,https://rivcoready.org/sites/g/files/aldnop181/files/2025-07/Ambulance%20FY25-26%20Rate%20Sheet.pdf,https://rivcoready.org/sites/g/files/aldnop181/files/2025-07/Ambulance%20FY25-26%20Rate%20Sheet.pdf,https://npiregistry.cms.hhs.gov/,2026-01-11T22:29:47.170270
2026-01-11,Riverside County EMS Agency,1376656981,Riverside,"Desert Hot Springs, Sky Valley",922xx,The Coves,The Coves area,Emergency (911),1376656981,Riverside County EMS Agency,,1450.0,,,,,,29.0,"July 1, 2025",,https://rivcoready.org/sites/g/files/aldnop181/files/2025-07/Ambulance%20FY25-26%20Rate%20Sheet.pdf,https://rivcoready.org/sites/g/files/aldnop181/files/2025-07/Ambulance%20FY25-26%20Rate%20Sheet.pdf,https://rivcoready.org/sites/g/files/aldnop181/files/2025-07/Ambulance%20FY25-26%20Rate%20Sheet.pdf,https://npiregistry.cms.hhs.gov/,2026-01-11T22:29:47.170364
2026-01-11,Riverside County EMS Agency,1376656981,Riverside,"Desert Hot Springs, Sky Valley",922xx,The Coves,Indio area,Emergency (911),1376656981,Riverside County EMS Agency,,1564.0,,,,,,30.0,"July 1, 2025",,https://rivcoready.org/sites/g/files/aldnop181/files/2025-07/Ambulance%20FY25-26%20Rate%20Sheet.pdf,https://rivcoready.org/sites/g/files/aldnop181/files/2025-07/Ambulance%20FY25-26%20Rate%20Sheet.pdf,https://rivcoready.org/sites/g/files/aldnop181/files/2025-07/Ambulance%20FY25-26%20Rate%20Sheet.pdf,https://npiregistry.cms.hhs.gov/,2026-01-11T22:29:47.170448
2026-01-11,Riverside County EMS Agency,1376656981,Riverside,"Desert Hot Springs, Sky Valley",922xx,The Coves,Idyllwild area,Emergency (911),1376656981,Riverside County EMS Agency,,1850.0,,2650.0,,,,57.5,"July 1, 2025",,https://rivcoready.org/sites/g/files/aldnop181/files/2025-07/Ambulance%20FY25-26%20Rate%20Sheet.pdf,https://rivcoready.org/sites/g/files/aldnop181/files/2025-07/Ambulance%20FY25-26%20Rate%20Sheet.pdf,https://rivcoready.org/sites/g/files/aldnop181/files/2025-07/Ambulance%20FY25-26%20Rate%20Sheet.pdf,https://npiregistry.cms.hhs.gov/,2026-01-11T22:29:47.170551
2026-01-11,Inland Counties EMS Agency,1376656973,San Bernardino,"San Bernardino, Fontana, Ontario, Rancho Cucamonga, Rialto, Redlands, Upland, Chino, Victorville, Hesperia, Apple Valley, Barstow, Big Bear Lake","917xx, 919xx, 923xx, 924xx",County-wide,,Emergency (911),1376656973,Inland Counties EMS Agency,2400.0,2400.0,2850.0,2850.0,,,,52.0,,"Fallback from notes: ALS $2,850, BLS $2,400, Mileage $52/mi (2025 AMR rates)",https://icema.sbcounty.gov/for-the-public/ambulance-rates/,https://icema.sbcounty.gov/for-the-public/ambulance-rates/,https://icema.sbcounty.gov/for-the-public/ambulance-rates/,https://npiregistry.cms.hhs.gov/,2026-01-11T22:29:49.356198
2026-01-11,Santa Clara County EMS Agency,1285748059,Santa Clara,"San Jose, Santa Clara, Sunnyvale, Mountain View, Palo Alto, Milpitas, Cupertino, Los Gatos, Gilroy, Morgan Hill","940xx, 950xx, 951xx",County-wide,,Emergency (911),1285748059,Santa Clara County EMS Agency,2100.0,2100.0,2574.0,2574.0,,,,62.18,,"Fallback from notes: ALS $2,574, BLS $2,100, Mileage $62.18/mi (2025 AMR rates)",https://ems.santaclaracounty.gov/documents/agreements,https://ems.santaclaracounty.gov/documents/agreements,https://ems.santaclaracounty.gov/,https://npiregistry.cms.hhs.gov/,2026-01-11T22:29:55.304152
2026-01-11,Alameda County EMS Agency,1205948765,Alameda,"Oakland, Fremont, Hayward, Berkeley, San Leandro, Alameda, Livermore, Pleasanton, Dublin, Newark, Union City","945xx, 946xx, 947xx",County-wide,,Emergency (911),1205948765,Alameda County EMS Agency,,,,15.0,,,,,"August 12, 2024",,https://ems.acgov.org/index.page,https://ems.acgov.org/index.page,https://ems.acgov.org/,https://npiregistry.cms.hhs.gov/,2026-01-11T22:29:56.517504
2026-01-11,AMR,1346242733,Sacramento,"Sacramento (unincorporated), Citrus Heights, Rancho Cordova, Carmichael","956xx, 958xx",Zone 1,,Emergency (911),1346242733,AMR,,3854.13,,3016.41,,,,15084.0,,,https://dhs.saccounty.gov/PUB/EMS/Documents/Ambulance%20Fees/2025%20Ambulance%20Fees/EMSA%20Letter_Approved%20Ground%20Ambulance%20Transportation%20Rates_2025.pdf,https://dhs.saccounty.gov/PUB/EMS/Documents/Ambulance%20Fees/2025%20Ambulance%20Fees/EMSA%20Letter_Approved%20Ground%20Ambulance%20Transportation%20Rates_2025.pdf,https://dhs.saccounty.gov/PUB/EMS/Pages/Approved-Ambulance-Provider-Rates.aspx,https://npiregistry.cms.hhs.gov/,2026-01-11T22:29:58.239085
2026-01-11,Folsom,1023197765,Sacramento,"Folsom, El Dorado Hills",956xx,Folsom,,Emergency (911),1023197765,Folsom,,105.0,,2158.0,,,,2158.0,,,https://dhs.saccounty.gov/PUB/EMS/Documents/Ambulance%20Fees/2025%20Ambulance%20Fees/EMSA%20Letter_Approved%20Ground%20Ambulance%20Transportation%20Rates_2025.pdf,https://dhs.saccounty.gov/PUB/EMS/Documents/Ambulance%20Fees/2025%20Ambulance%20Fees/EMSA%20Letter_Approved%20Ground%20Ambulance%20Transportation%20Rates_2025.pdf,https://dhs.saccounty.gov/PUB/EMS/Pages/Approved-Ambulance-Provider-Rates.aspx,https://npiregistry.cms.hhs.gov/,2026-01-11T22:29:58.239431
2026-01-11,Cosumnes,1427355683,Sacramento,"Elk Grove, Galt",957xx,Cosumnes,,Emergency (911),1427355683,Cosumnes,,2654.67,,2654.67,,,,39.73,,,https://dhs.saccounty.gov/PUB/EMS/Documents/Ambulance%20Fees/2025%20Ambulance%20Fees/EMSA%20Letter_Approved%20Ground%20Ambulance%20Transportation%20Rates_2025.pdf,https://dhs.saccounty.gov/PUB/EMS/Documents/Ambulance%20Fees/2025%20Ambulance%20Fees/EMSA%20Letter_Approved%20Ground%20Ambulance%20Transportation%20Rates_2025.pdf,https://dhs.saccounty.gov/PUB/EMS/Pages/Approved-Ambulance-Provider-Rates.aspx,https://npiregistry.cms.hhs.gov/,2026-01-11T22:29:58.239522
2026-01-11,Medic Ambulance,1700856952,Sacramento,"Sacramento (unincorporated), Citrus Heights, Rancho Cordova, Carmichael","956xx, 958xx",Zone 1,,Emergency (911),1700856952,Medic Ambulance,,2875.71,,2875.71,,,,7535.0,,,https://dhs.saccounty.gov/PUB/EMS/Documents/Ambulance%20Fees/2025%20Ambulance%20Fees/EMSA%20Letter_Approved%20Ground%20Ambulance%20Transportation%20Rates_2025.pdf,https://dhs.saccounty.gov/PUB/EMS/Documents/Ambulance%20Fees/2025%20Ambulance%20Fees/EMSA%20Letter_Approved%20Ground%20Ambulance%20Transportation%20Rates_2025.pdf,https://dhs.saccounty.gov/PUB/EMS/Pages/Approved-Ambulance-Provider-Rates.aspx,https://npiregistry.cms.hhs.gov/,2026-01-11T22:29:58.239613
2026-01-11,Alpha One,1285749842,Sacramento,Sacramento County-wide,"956xx, 957xx, 958xx",County-wide IFT,,Emergency (911),1285749842,Alpha One,,3168.0,,187.2,,,,4752.0,,,https://dhs.saccounty.gov/PUB/EMS/Documents/Ambulance%20Fees/2025%20Ambulance%20Fees/EMSA%20Letter_Approved%20Ground%20Ambulance%20Transportation%20Rates_2025.pdf,https://dhs.saccounty.gov/PUB/EMS/Documents/Ambulance%20Fees/2025%20Ambulance%20Fees/EMSA%20Letter_Approved%20Ground%20Ambulance%20Transportation%20Rates_2025.pdf,https://dhs.saccounty.gov/PUB/EMS/Pages/Approved-Ambulance-Provider-Rates.aspx,https://npiregistry.cms.hhs.gov/,2026-01-11T22:29:58.239695
2026-01-11,NorCal,1245346123,Sacramento,Sacramento County-wide,"956xx, 957xx, 958xx",County-wide IFT,,Emergency (911),1245346123,NorCal,,5465.0,,4600.0,,,,14500.0,,,https://dhs.saccounty.gov/PUB/EMS/Documents/Ambulance%20Fees/2025%20Ambulance%20Fees/EMSA%20Letter_Approved%20Ground%20Ambulance%20Transportation%20Rates_2025.pdf,https://dhs.saccounty.gov/PUB/EMS/Documents/Ambulance%20Fees/2025%20Ambulance%20Fees/EMSA%20Letter_Approved%20Ground%20Ambulance%20Transportation%20Rates_2025.pdf,https://dhs.saccounty.gov/PUB/EMS/Pages/Approved-Ambulance-Provider-Rates.aspx,https://npiregistry.cms.hhs.gov/,2026-01-11T22:29:58.239781
2026-01-11,Contra Costa County EMS,1316143946,Contra Costa,"Concord, Richmond, Antioch, Walnut Creek, Pittsburg, San Ramon, Brentwood, Martinez, Pleasant Hill, Danville","945xx, 946xx, 948xx",County-wide,Contra Costa County Fire Protection District,Emergency (911),1316143946,Contra Costa County EMS,,,3202.3,3202.3,,,,,"May 1, 2025",,https://www.cchealth.org/about-contra-costa-health/divisions/ems/ambulance-operations/ambulance-rates,https://www.cchealth.org/about-contra-costa-health/divisions/ems/ambulance-operations/ambulance-rates,https://www.cchealth.org/about-contra-costa-health/divisions/ems/,https://npiregistry.cms.hhs.gov/,2026-01-11T22:30:07.489012
2026-01-11,Contra Costa County EMS,1316143946,Contra Costa,"Concord, Richmond, Antioch, Walnut Creek, Pittsburg, San Ramon, Brentwood, Martinez, Pleasant Hill, Danville","945xx, 946xx, 948xx",County-wide,San Ramon Valley Fire Protection District,Emergency (911),1316143946,Contra Costa County EMS,,,,3202.3,,,,77.4,"June 1, 2023",,https://www.cchealth.org/about-contra-costa-health/divisions/ems/ambulance-operations/ambulance-rates,https://www.cchealth.org/about-contra-costa-health/divisions/ems/ambulance-operations/ambulance-rates,https://www.cchealth.org/about-contra-costa-health/divisions/ems/,https://npiregistry.cms.hhs.gov/,2026-01-11T22:30:07.489243
2026-01-11,Contra Costa County EMS,1316143946,Contra Costa,"Concord, Richmond, Antioch, Walnut Creek, Pittsburg, San Ramon, Brentwood, Martinez, Pleasant Hill, Danville","945xx, 946xx, 948xx",County-wide,Moraga-Orinda Fire District,Emergency (911),1316143946,Contra Costa County EMS,,,,3202.3,,,,50.0,"May 15, 2024",,https://www.cchealth.org/about-contra-costa-health/divisions/ems/ambulance-operations/ambulance-rates,https://www.cchealth.org/about-contra-costa-health/divisions/ems/ambulance-operations/ambulance-rates,https://www.cchealth.org/about-contra-costa-health/divisions/ems/,https://npiregistry.cms.hhs.gov/,2026-01-11T22:30:07.489518
2026-01-11,Central California EMS Agency,1124333693,Fresno,"Fresno, Clovis, Madera, Sanger, Selma, Reedley, Kerman, Coalinga","936xx, 937xx",County-wide,,Emergency (911),1124333693,Central California EMS Agency,2700.0,2700.0,3200.0,3200.0,,,,45.0,,"Fallback from notes: ALS $3,200, BLS $2,700, Mileage $45/mi (2025 CCEMSA rates)",https://www.fresnocountyca.gov/Departments/Public-Health/Emergency-Services/Emergency-Medical-Services-EMS,https://www.fresnocountyca.gov/Departments/Public-Health/Emergency-Services/Emergency-Medical-Services-EMS,https://www.fresnocountyca.gov/Departments/Public-Health/Emergency-Services/Emergency-Medical-Services-EMS,https://npiregistry.cms.hhs.gov/,2026-01-11T22:30:16.386358
2026-01-11,Kern County EMS Agency,1376656965,Kern,"Bakersfield, Delano, Ridgecrest, Tehachapi, Wasco, Shafter, Arvin, California City","932xx, 933xx, 935xx",County-wide,,Emergency (911),1376656965,Kern County EMS Agency,2912.12,2912.12,3285.0,3285.0,,,,,,"Fallback from notes: Hall Ambulance - BLS $2,912.12, ALS $3,285 (2023 rates)",https://www.kernpublichealth.com/emergency-medical-services/ambulance,https://www.kernpublichealth.com/emergency-medical-services/ambulance,https://www.kernpublichealth.com/emergency-medical-services/ambulance,https://npiregistry.cms.hhs.gov/,2026-01-11T22:30:23.887818
2026-01-11,San Francisco Fire Department EMS,1629172082,San Francisco,San Francisco,941xx,City-wide,,Emergency (911),1629172082,San Francisco Fire Department EMS,,,,2555.0,,,,49.0,"September 1, 2025",,https://sf-fire.org/services/ambulance-billing,https://sf-fire.org/services/ambulance-billing,https://sf-fire.org/services/ambulance-billing,https://npiregistry.cms.hhs.gov/,2026-01-11T22:30:25.276669
2026-01-11,Ventura County EMS Agency,,Ventura,"Ventura, Oxnard, Thousand Oaks, Simi Valley, Camarillo, Moorpark, Santa Paula, Fillmore, Ojai","930xx, 931xx, 932xx, 933xx",County-wide,,Emergency (911),,,2663.0,2663.0,3065.0,3065.0,,438.5,,81.5,"July 1, 2025",,https://www.amr.net/locations/california/ventura-county/ventura-county-rate-sheet,https://www.amr.net/locations/california/ventura-county/ventura-county-rate-sheet,https://www.amr.net/locations/california/ventura-county,https://npiregistry.cms.hhs.gov/,2026-01-11T22:30:29.255838
2026-01-11,San Mateo County EMS Agency,1376656940,San Mateo,"San Mateo, Daly City, Redwood City, South San Francisco, San Bruno, Burlingame, Foster City, Pacifica, Half Moon Bay","940xx, 944xx",County-wide,,Emergency (911),1376656940,San Mateo County EMS Agency,,,,4123.15,,,,102.89,"July 1, 2025",,https://www.smchealth.org/pod/9-1-1-ambulance-transport-service-charges,https://www.smchealth.org/pod/9-1-1-ambulance-transport-service-charges,https://www.smchealth.org/pod/9-1-1-ambulance-transport-service-charges,https://npiregistry.cms.hhs.gov/,2026-01-11T22:30:30.627297
2026-01-11,American Medical Response,1346242733,San Joaquin,"Stockton, Lodi, Tracy, Manteca, Lathrop","952xx, 953xx, 954xx",Zone X,Zone X service area,Emergency (911),1346242733,American Medical Response,,3371.63,,3953.56,,10436.31,,83.89,"May 9, 2025",,https://www.sjgov.org/department/ems/Menu/contracts-agreements/AllowableCharges,https://www.sjgov.org/department/ems/Menu/contracts-agreements/AllowableCharges,https://www.sjgov.org/department/ems/Menu/contracts-agreements/AllowableCharges,https://npiregistry.cms.hhs.gov/,2026-01-11T22:30:31.956725
2026-01-11,Escalon Community Ambulance,1831297491,San Joaquin,Escalon,953xx,Zone F,Zone F service area,Emergency (911),1831297491,Escalon Community Ambulance,,3058.44,,3586.32,,,,76.1,"May 9, 2025",,https://www.sjgov.org/department/ems/Menu/contracts-agreements/AllowableCharges,https://www.sjgov.org/department/ems/Menu/contracts-agreements/AllowableCharges,https://www.sjgov.org/department/ems/Menu/contracts-agreements/AllowableCharges,https://npiregistry.cms.hhs.gov/,2026-01-11T22:30:31.956786
2026-01-11,Manteca District Ambulance,1831297491,San Joaquin,Escalon,953xx,Zone D,Zone D service area,Emergency (911),1831297491,Manteca District Ambulance,,3371.63,,3953.56,,,,83.89,"May 9, 2025",,https://www.sjgov.org/department/ems/Menu/contracts-agreements/AllowableCharges,https://www.sjgov.org/department/ems/Menu/contracts-agreements/AllowableCharges,https://www.sjgov.org/department/ems/Menu/contracts-agreements/AllowableCharges,https://npiregistry.cms.hhs.gov/,2026-01-11T22:30:31.956805
2026-01-11,Ripon Consolidated Fire District,1134283179,San Joaquin,Manteca,953xx,Zone E,Zone E service area,Emergency (911),1134283179,Ripon Consolidated Fire District,,3180.78,,3729.77,,,,79.14,"May 9, 2025",,https://www.sjgov.org/department/ems/Menu/contracts-agreements/AllowableCharges,https://www.sjgov.org/department/ems/Menu/contracts-agreements/AllowableCharges,https://www.sjgov.org/department/ems/Menu/contracts-agreements/AllowableCharges,https://npiregistry.cms.hhs.gov/,2026-01-11T22:30:31.956818
2026-01-11,American Medical Response,1346242733,Stanislaus,"Modesto, Turlock, Ceres, Riverbank, Hughson","953xx, 954xx, 955xx",Zone 5,,Emergency (911),1346242733,American Medical Response,,2622.96,,3680.31,,,346.58,80.57,,,https://oes.stancounty.gov/divisions/emergency-medical-services-agency/ambulance-rates,https://oes.stancounty.gov/divisions/emergency-medical-services-agency/ambulance-rates,https://oes.stancounty.gov/divisions/emergency-medical-services-agency/ambulance-rates,https://npiregistry.cms.hhs.gov/,2026-01-11T22:30:39.418933
2026-01-11,Del Puerto Healthcare District,1477654691,Stanislaus,"Patterson, Westley",953xx,Zone 4 & D,,Emergency (911),1477654691,Del Puerto Healthcare District,,1870.0,,2865.0,3000.0,,300.0,80.0,,,https://oes.stancounty.gov/divisions/emergency-medical-services-agency/ambulance-rates,https://oes.stancounty.gov/divisions/emergency-medical-services-agency/ambulance-rates,https://oes.stancounty.gov/divisions/emergency-medical-services-agency/ambulance-rates,https://npiregistry.cms.hhs.gov/,2026-01-11T22:30:39.418968
2026-01-11,Oak Valley Hospital District,1346381415,Stanislaus,"Patterson, Westley",953xx,Zone A,,Emergency (911),1346381415,Oak Valley Hospital District,,2334.0,,3624.0,4434.0,,264.0,12.0,,,https://oes.stancounty.gov/divisions/emergency-medical-services-agency/ambulance-rates,https://oes.stancounty.gov/divisions/emergency-medical-services-agency/ambulance-rates,https://oes.stancounty.gov/divisions/emergency-medical-services-agency/ambulance-rates,https://npiregistry.cms.hhs.gov/,2026-01-11T22:30:39.418984
2026-01-11,Westside Healthcare District,1629283170,Stanislaus,"Patterson, Westley",953xx,Zone W,,Emergency (911),1629283170,Westside Healthcare District,,2000.0,,3000.0,,,,80.0,,,https://oes.stancounty.gov/divisions/emergency-medical-services-agency/ambulance-rates,https://oes.stancounty.gov/divisions/emergency-medical-services-agency/ambulance-rates,https://oes.stancounty.gov/divisions/emergency-medical-services-agency/ambulance-rates,https://npiregistry.cms.hhs.gov/,2026-01-11T22:30:39.418999
2026-01-11,Allstar Ambulance,1639283087,Stanislaus,Stanislaus County-wide,"953xx, 954xx, 955xx",County-wide IFT,,Non-Emergency (IFT),1639283087,Allstar Ambulance,2350.0,,,,,,,70.0,,,https://oes.stancounty.gov/divisions/emergency-medical-services-agency/ambulance-rates,https://oes.stancounty.gov/divisions/emergency-medical-services-agency/ambulance-rates,https://oes.stancounty.gov/divisions/emergency-medical-services-agency/ambulance-rates,https://npiregistry.cms.hhs.gov/,2026-01-11T22:30:39.419196
2026-01-11,America West,1487864117,Stanislaus,"Modesto, Turlock, Ceres, Riverbank, Hughson","953xx, 954xx, 955xx",Zone 5,,Non-Emergency (IFT),1487864117,America West,3900.0,,,,,,,80.0,,,https://oes.stancounty.gov/divisions/emergency-medical-services-agency/ambulance-rates,https://oes.stancounty.gov/divisions/emergency-medical-services-agency/ambulance-rates,https://oes.stancounty.gov/divisions/emergency-medical-services-agency/ambulance-rates,https://npiregistry.cms.hhs.gov/,2026-01-11T22:30:39.419458
2026-01-11,AmWest Ambulance,1487864117,Stanislaus,Stanislaus County-wide,"953xx, 954xx, 955xx",County-wide IFT,,Non-Emergency (IFT),1487864117,AmWest Ambulance,2860.0,,3722.16,,,9100.0,,65.52,,,https://oes.stancounty.gov/divisions/emergency-medical-services-agency/ambulance-rates,https://oes.stancounty.gov/divisions/emergency-medical-services-agency/ambulance-rates,https://oes.stancounty.gov/divisions/emergency-medical-services-agency/ambulance-rates,https://npiregistry.cms.hhs.gov/,2026-01-11T22:30:39.419629
2026-01-11,Bay Medic,1700856952,Stanislaus,"Modesto, Turlock, Ceres, Riverbank, Hughson","953xx, 954xx, 955xx",Zone 5,,Non-Emergency (IFT),1700856952,Bay Medic,2485.0,,3250.0,,,9975.0,,72.0,,,https://oes.stancounty.gov/divisions/emergency-medical-services-agency/ambulance-rates,https://oes.stancounty.gov/divisions/emergency-medical-services-agency/ambulance-rates,https://oes.stancounty.gov/divisions/emergency-medical-services-agency/ambulance-rates,https://npiregistry.cms.hhs.gov/,2026-01-11T22:30:39.419764
2026-01-11,Citizen Medical Response,1700856952,Stanislaus,"Modesto, Turlock, Ceres, Riverbank, Hughson","953xx, 954xx, 955xx",Zone 5,,Non-Emergency (IFT),1700856952,Citizen Medical Response,675.0,,,,,,,13.0,,,https://oes.stancounty.gov/divisions/emergency-medical-services-agency/ambulance-rates,https://oes.stancounty.gov/divisions/emergency-medical-services-agency/ambulance-rates,https://oes.stancounty.gov/divisions/emergency-medical-services-agency/ambulance-rates,https://npiregistry.cms.hhs.gov/,2026-01-11T22:30:39.419900
2026-01-11,Norcal Ambulance,1245346123,Stanislaus,Stanislaus County-wide,"953xx, 954xx, 955xx",County-wide IFT,,Non-Emergency (IFT),1245346123,Norcal Ambulance,3050.0,,3425.0,,,14500.0,,75.0,,,https://oes.stancounty.gov/divisions/emergency-medical-services-agency/ambulance-rates,https://oes.stancounty.gov/divisions/emergency-medical-services-agency/ambulance-rates,https://oes.stancounty.gov/divisions/emergency-medical-services-agency/ambulance-rates,https://npiregistry.cms.hhs.gov/,2026-01-11T22:30:39.420030
2026-01-11,Pro Transport-1,1497854116,Stanislaus,Stanislaus County-wide,"953xx, 954xx, 955xx",County-wide IFT,,Non-Emergency (IFT),1497854116,Pro Transport-1,3050.0,,5050.0,,,14500.0,,78.0,,,https://oes.stancounty.gov/divisions/emergency-medical-services-agency/ambulance-rates,https://oes.stancounty.gov/divisions/emergency-medical-services-agency/ambulance-rates,https://oes.stancounty.gov/divisions/emergency-medical-services-agency/ambulance-rates,https://npiregistry.cms.hhs.gov/,2026-01-11T22:30:39.420153
2026-01-11,Central California EMS Agency,1124333693,Tulare,"Visalia, Tulare, Porterville, Hanford, Dinuba, Lindsay, Exeter","932xx, 936xx, 937xx",County-wide,,Emergency (911),1124333693,Central California EMS Agency,2700.0,2700.0,3200.0,3200.0,,,,45.0,,"Fallback from notes: ALS $3,200, BLS $2,700, Mileage $45/mi (2025 CCEMSA rates)",https://www.fresnocountyca.gov/Departments/Public-Health/Emergency-Services/Emergency-Medical-Services-EMS/County-Operations/Tulare-County-Operations,https://www.fresnocountyca.gov/Departments/Public-Health/Emergency-Services/Emergency-Medical-Services-EMS/County-Operations/Tulare-County-Operations,https://www.fresnocountyca.gov/Departments/Public-Health/Emergency-Services/Emergency-Medical-Services-EMS/County-Operations/Tulare-County-Operations,https://npiregistry.cms.hhs.gov/,2026-01-11T22:30:47.329220
2026-01-11,Monterey County EMS Agency,1508984765,Monterey,"Salinas, Monterey, Seaside, Marina, Pacific Grove, Carmel, Gonzales, Soledad, King City","939xx, 940xx",County-wide,,Emergency (911),1508984765,Monterey County EMS Agency,2600.0,2600.0,3100.0,3100.0,,,,55.0,,"Fallback from notes: ALS $3,100, BLS $2,600, Mileage $55/mi (2025 AMR rates)",https://www.countyofmonterey.gov/government/departments-a-h/health/emergency-medical-services/ems-agency/ambulance-billing-and-service-concerns,https://www.countyofmonterey.gov/government/departments-a-h/health/emergency-medical-services/ems-agency/ambulance-billing-and-service-concerns,https://www.countyofmonterey.gov/government/departments-a-h/health/emergency-medical-services/,https://npiregistry.cms.hhs.gov/,2026-01-11T22:30:55.256671
2026-01-11,Santa Barbara County EMS Agency,1316143953,Santa Barbara,"Santa Barbara, Santa Maria, Lompoc, Goleta, Carpinteria, Solvang","931xx, 934xx, 935xx",County-wide,,Emergency (911),1316143953,Santa Barbara County EMS Agency,6213.0,6213.0,6213.0,6213.0,,,,,,"Fallback from notes: AMR is provider - CCT Base $6,213 (2025)",https://www.countyofsb.org/2024/EMS-Agency,https://www.countyofsb.org/2024/EMS-Agency,https://www.countyofsb.org/2024/EMS-Agency,https://npiregistry.cms.hhs.gov/,2026-01-11T22:30:57.109331
2026-01-11,Coastal Valleys EMS Agency,1447454533,Sonoma,"Santa Rosa, Petaluma, Rohnert Park, Windsor, Healdsburg, Sebastopol, Sonoma, Cloverdale","954xx, 955xx",County-wide,,Emergency (911),1447454533,Coastal Valleys EMS Agency,2400.0,2400.0,2900.0,2900.0,,,,42.0,,"Fallback from notes: ALS $2,900, BLS $2,400, Mileage $42/mi (2025 AMR rates)",https://www.coastalvalleysems.org/resources/pdf/ambulancerates.pdf,https://www.coastalvalleysems.org/resources/pdf/ambulancerates.pdf,https://www.coastalvalleysems.org/,https://npiregistry.cms.hhs.gov/,2026-01-11T22:30:59.145168
2026-01-11,Solano EMS Cooperative,1629283188,Solano,"Vallejo, Fairfield, Vacaville, Suisun City, Benicia, Dixon, Rio Vista","945xx, 946xx",County-wide,,Emergency (911),1629283188,Solano EMS Cooperative,2550.0,2550.0,3050.0,3050.0,,,,46.0,,"Fallback from notes: ALS $3,050, BLS $2,550, Mileage $46/mi (2025 Medic Ambulance rates)",https://www.solanocounty.com/depts/ems/,https://www.solanocounty.com/depts/ems/,https://www.solanocounty.com/depts/ems/,https://npiregistry.cms.hhs.gov/,2026-01-11T22:31:00.811369
2026-01-11,Santa Cruz County EMS Agency,1376656957,Santa Cruz,"Santa Cruz, Watsonville, Capitola, Scotts Valley, Aptos","950xx, 951xx",County-wide,,Emergency (911),1376656957,Santa Cruz County EMS Agency,3010.52,3010.52,3010.52,3010.52,,,,,,,https://www.santacruzhealth.org/Portals/7/Pdfs/EMS/Misc/Website%20ambulance%20rates.pdf,https://www.santacruzhealth.org/Portals/7/Pdfs/EMS/Misc/Website%20ambulance%20rates.pdf,https://www.santacruzhealth.org/,https://npiregistry.cms.hhs.gov/,2026-01-11T22:31:03.781774
2026-01-11,San Luis Ambulance,1437176236,San Luis Obispo,"San Luis Obispo, Paso Robles, Atascadero, Morro Bay, Pismo Beach, Arroyo Grande, Grover Beach","934xx, 935xx",County-wide,,Emergency (911),1437176236,San Luis Ambulance,,,,3381.24,,8644.39,,71.36,"October 1st, 2025",,https://www.slocounty.ca.gov/departments/health-agency/public-health/emergency-medical-services/emergency-medical-services-agency/forms-documents/fees/ambulance-base-rates-10-1-24-to-9-30-25,https://www.slocounty.ca.gov/departments/health-agency/public-health/emergency-medical-services/emergency-medical-services-agency/forms-documents/fees/ambulance-base-rates-10-1-24-to-9-30-25,https://www.slocounty.ca.gov/departments/health-agency/public-health/emergency-medical-services,https://npiregistry.cms.hhs.gov/,2026-01-11T22:31:05.329103
2026-01-11,Merced County EMS Agency,1508984781,Merced,"Merced, Los Banos, Atwater, Livingston, Gustine","953xx, 954xx",County-wide,,Emergency (911),1508984781,Merced County EMS Agency,2450.0,2450.0,2950.0,2950.0,,,,48.0,,"Fallback from notes: ALS $2,950, BLS $2,450, Mileage $48/mi (2025 Riggs Ambulance rates)",https://www.co.merced.ca.us/118/Emergency-Medical-Services,https://www.co.merced.ca.us/118/Emergency-Medical-Services,https://www.co.merced.ca.us/118/Emergency-Medical-Services,https://npiregistry.cms.hhs.gov/,2026-01-11T22:31:07.324827
2026-01-11,Marin County EMS Agency,1417053223,Marin,"San Rafael, Novato, Mill Valley, Corte Madera, Sausalito, Larkspur, Fairfax, San Anselmo, Tiburon",949xx,County-wide,,Emergency (911),1417053223,Marin County EMS Agency,4600.0,4600.0,5465.0,5465.0,,14500.0,,75.0,,,https://ems.marinhhs.org/sites/default/files/files/NORCAL%20Ambulance%20Rates%202025.pdf,https://ems.marinhhs.org/sites/default/files/files/NORCAL%20Ambulance%20Rates%202025.pdf,https://ems.marinhhs.org/,https://npiregistry.cms.hhs.gov/,2026-01-11T22:31:09.098010
2026-01-11,Sierra-Sacramento Valley EMS,1447454541,Butte,"Chico, Oroville, Paradise, Gridley",959xx,County-wide,,Emergency (911),1447454541,Sierra-Sacramento Valley EMS,500.0,500.0,500.0,500.0,,,,,"JULY 1, 2025",,https://www.ssvems.com/wp-content/uploads/2025/06/S-SV-EMS-Fee-Schedule-Effective-7-1-2025-draft.pdf,https://www.ssvems.com/wp-content/uploads/2025/06/S-SV-EMS-Fee-Schedule-Effective-7-1-2025-draft.pdf,https://www.ssvems.com/,https://npiregistry.cms.hhs.gov/,2026-01-11T22:31:10.710420
2026-01-11,Sierra-Sacramento Valley EMS,1447454541,Placer,"Roseville, Rocklin, Lincoln, Auburn, Loomis, Tahoe City","956xx, 957xx, 961xx, 962xx",County-wide,,Emergency (911),1447454541,Sierra-Sacramento Valley EMS,500.0,500.0,500.0,500.0,,,,,"JULY 1, 2025",,https://www.ssvems.com/wp-content/uploads/2025/06/S-SV-EMS-Fee-Schedule-Effective-7-1-2025-draft.pdf,https://www.ssvems.com/wp-content/uploads/2025/06/S-SV-EMS-Fee-Schedule-Effective-7-1-2025-draft.pdf,https://www.ssvems.com/,https://npiregistry.cms.hhs.gov/,2026-01-11T22:31:12.044675
2026-01-11,Yolo Emergency Medical Services Agency,1700856952,Yolo,"Davis, Woodland, West Sacramento, Winters","956xx, 957xx",County-wide,,Emergency (911),1700856952,Yolo Emergency Medical Services Agency,2500.0,2500.0,3000.0,3000.0,,,,45.0,,"Fallback from notes: ALS $3,000, BLS $2,500, Mileage $45/mi (2025 AMR Sacramento Valley rates)",https://www.yolocounty.gov/government/general-government-departments/health-human-services/providers-partners/yolo-emergency-medical-services-agency-yemsa,https://www.yolocounty.gov/government/general-government-departments/health-human-services/providers-partners/yolo-emergency-medical-services-agency-yemsa,https://www.yolocounty.gov/government/general-government-departments/health-human-services/providers-partners/yolo-emergency-medical-services-agency-yemsa,https://npiregistry.cms.hhs.gov/,2026-01-11T22:31:20.793467
2026-01-11,El Dorado County EMS Agency,1629283212,El Dorado,"El Dorado Hills, Placerville, Cameron Park, South Lake Tahoe","956xx, 957xx, 961xx",County-wide,,Emergency (911),1629283212,El Dorado County EMS Agency,2500.0,2500.0,2950.0,2950.0,,4800.0,,42.0,,"Fallback from notes: ALS $2,950, BLS $2,500, Mileage $42/mi, CCT $4,800 (2025 West Slope CSA 7 rates)",https://www.eldoradocounty.ca.gov/files/assets/county/v/1/documents/public-safety-amp-justice/wildfire-amp-disaster/emergency-medical-services/ambulance-rates/ambulance-rate-schedule-2025-csa-7.pdf,https://www.eldoradocounty.ca.gov/files/assets/county/v/1/documents/public-safety-amp-justice/wildfire-amp-disaster/emergency-medical-services/ambulance-rates/ambulance-rate-schedule-2025-csa-7.pdf,https://www.eldoradocounty.ca.gov/Public-Safety-Justice/Emergency-Medical-Services/,https://npiregistry.cms.hhs.gov/,2026-01-11T22:31:27.269464
2026-01-11,Imperial County EMS Agency,1508984773,Imperial,"El Centro, Calexico, Brawley, Imperial, Holtville",922xx,County-wide,,Emergency (911),1508984773,Imperial County EMS Agency,1472.0,1472.0,1651.0,1651.0,,,,,,"Fallback from notes: ALS $1,651, BLS $1,472 (2025 Calexico rates)",https://www.icphd.org/emergency-medical-services/policy-protocol-manual,https://www.icphd.org/emergency-medical-services/policy-protocol-manual,https://www.icphd.org/emergency-medical-services/,https://npiregistry.cms.hhs.gov/,2026-01-11T22:31:29.114141
2026-01-11,Central California EMS Agency,1124333693,Kings,"Hanford, Lemoore, Corcoran, Avenal","932xx, 936xx",County-wide,,Emergency (911),1124333693,Central California EMS Agency,2700.0,2700.0,3200.0,3200.0,,,,45.0,,"Fallback from notes: ALS $3,200, BLS $2,700, Mileage $45/mi (2025 CCEMSA rates)",https://www.fresnocountyca.gov/Departments/Public-Health/Emergency-Services/Emergency-Medical-Services-EMS,https://www.fresnocountyca.gov/Departments/Public-Health/Emergency-Services/Emergency-Medical-Services-EMS,https://www.fresnocountyca.gov/Departments/Public-Health/Emergency-Services/Emergency-Medical-Services-EMS,https://npiregistry.cms.hhs.gov/,2026-01-11T22:31:37.085524
2026-01-11,Central California EMS Agency,1124333693,Madera,"Madera, Chowchilla, Oakhurst","936xx, 937xx",County-wide,,Emergency (911),1124333693,Central California EMS Agency,2700.0,2700.0,3200.0,3200.0,,,,45.0,,"Fallback from notes: ALS $3,200, BLS $2,700, Mileage $45/mi (2025 CCEMSA rates)",https://www.fresnocountyca.gov/Departments/Public-Health/Emergency-Services/Emergency-Medical-Services-EMS,https://www.fresnocountyca.gov/Departments/Public-Health/Emergency-Services/Emergency-Medical-Services-EMS,https://www.fresnocountyca.gov/Departments/Public-Health/Emergency-Services/Emergency-Medical-Services-EMS,https://npiregistry.cms.hhs.gov/,2026-01-11T22:31:43.960872
2026-01-11,North Coast EMS,1316143920,Humboldt,"Eureka, Arcata, Fortuna, McKinleyville",955xx,County-wide,,Emergency (911),1316143920,North Coast EMS,1425.0,1425.0,,,,1900.0,,,,"Fallback from notes: City Ambulance is primary provider - BLS $1,425, CCT $1,900 (2015 rates)",https://www.cityambulance.com/,https://www.cityambulance.com/,https://www.cityambulance.com/,https://npiregistry.cms.hhs.gov/,2026-01-11T22:31:47.647668
2026-01-11,Sierra-Sacramento Valley EMS,1447454541,Shasta,"Redding, Anderson, Shasta Lake","960xx, 961xx",County-wide,,Emergency (911),1447454541,Sierra-Sacramento Valley EMS,500.0,500.0,500.0,500.0,,,,,"JULY 1, 2025",,https://www.ssvems.com/wp-content/uploads/2025/06/S-SV-EMS-Fee-Schedule-Effective-7-1-2025-draft.pdf,https://www.ssvems.com/wp-content/uploads/2025/06/S-SV-EMS-Fee-Schedule-Effective-7-1-2025-draft.pdf,https://www.ssvems.com/,https://npiregistry.cms.hhs.gov/,2026-01-11T22:31:48.935790
2026-01-11,Napa County EMS Agency,1508984757,Napa,"Napa, American Canyon, St. Helena, Calistoga, Yountville","945xx, 946xx",County-wide,,Emergency (911),1508984757,Napa County EMS Agency,2600.0,2600.0,3100.0,3100.0,,,,48.0,,"Fallback from notes: ALS $3,100, BLS $2,600, Mileage $48/mi (2025 AMR rates)",https://www.napacounty.gov/756/Emergency-Medical-Services-EMS-Agency,https://www.napacounty.gov/756/Emergency-Medical-Services-EMS-Agency,https://www.napacounty.gov/756/Emergency-Medical-Services-EMS-Agency,https://npiregistry.cms.hhs.gov/,2026-01-11T22:31:50.588131
2026-01-11,Coastal Valleys EMS Agency,1447454533,Mendocino,"Ukiah, Fort Bragg, Willits","954xx, 955xx",County-wide,,Emergency (911),1447454533,Coastal Valleys EMS Agency,2300.0,2300.0,2800.0,2800.0,,,,42.0,,"Fallback from notes: ALS $2,800, BLS $2,300, Mileage $42/mi (2025 AMR rates)",https://www.coastalvalleysems.org/resources/pdf/ambulancerates.pdf,https://www.coastalvalleysems.org/resources/pdf/ambulancerates.pdf,https://www.coastalvalleysems.org/,https://npiregistry.cms.hhs.gov/,2026-01-11T22:31:52.104939
2026-01-11,Coastal Valleys EMS Agency,1447454533,Lake,"Clearlake, Lakeport, Kelseyville","954xx, 955xx",County-wide,,Emergency (911),1447454533,Coastal Valleys EMS Agency,550.0,550.0,550.0,550.0,2337.95,2755.4,189.0,41.4,,,https://www.coastalvalleysems.org/filelink/fileman-files/CVEMSA%202024%20Ambulance%20Rates.pdf,https://www.coastalvalleysems.org/filelink/fileman-files/CVEMSA%202024%20Ambulance%20Rates.pdf,https://www.coastalvalleysems.org/,https://npiregistry.cms.hhs.gov/,2026-01-11T22:31:54.247892
2026-01-11,San Benito County EMS Agency,1417053231,San Benito,"Hollister, San Juan Bautista","950xx, 951xx",County-wide,,Emergency (911),1417053231,San Benito County EMS Agency,2500.0,2500.0,3000.0,3000.0,,,,52.0,,"Fallback from notes: ALS $3,000, BLS $2,500, Mileage $52/mi (2025 AMR rates)",https://www.sanbenitocountyca.gov/departments/office-of-emergency-services-oes-and-emergency-medical-services/emergency-medical-services-ems,https://www.sanbenitocountyca.gov/departments/office-of-emergency-services-oes-and-emergency-medical-services/emergency-medical-services-ems,https://www.sanbenitocountyca.gov/departments/office-of-emergency-services-oes-and-emergency-medical-services/emergency-medical-services-ems,https://npiregistry.cms.hhs.gov/,2026-01-11T22:32:01.636389
2026-01-11,Mountain-Valley EMS Agency,1316143938,Tuolumne,"Sonora, Twain Harte, Groveland","953xx, 954xx",County-wide,,Emergency (911),1316143938,Mountain-Valley EMS Agency,2536.0,2536.0,3281.0,3281.0,3609.0,4927.0,627.0,92.0,,,https://www.tuolumnecounty.ca.gov/1807/Ambulance-Rates,https://www.tuolumnecounty.ca.gov/1807/Ambulance-Rates,https://www.tuolumnecounty.ca.gov/1807/Ambulance-Rates,https://npiregistry.cms.hhs.gov/,2026-01-11T22:32:09.193075
2026-01-11,Sierra-Sacramento Valley EMS,1447454541,Sutter,"Yuba City, Live Oak",959xx,County-wide,,Emergency (911),1447454541,Sierra-Sacramento Valley EMS,500.0,500.0,500.0,500.0,,,,,"JULY 1, 2025",,https://www.ssvems.com/wp-content/uploads/2025/06/S-SV-EMS-Fee-Schedule-Effective-7-1-2025-draft.pdf,https://www.ssvems.com/wp-content/uploads/2025/06/S-SV-EMS-Fee-Schedule-Effective-7-1-2025-draft.pdf,https://www.ssvems.com/,https://npiregistry.cms.hhs.gov/,2026-01-11T22:32:10.490074
2026-01-11,Sierra-Sacramento Valley EMS,1447454541,Yuba,"Marysville, Linda, Olivehurst",959xx,County-wide,,Emergency (911),1447454541,Sierra-Sacramento Valley EMS,500.0,500.0,500.0,500.0,,,,,"JULY 1, 2025",,https://www.ssvems.com/wp-content/uploads/2025/06/S-SV-EMS-Fee-Schedule-Effective-7-1-2025-draft.pdf,https://www.ssvems.com/wp-content/uploads/2025/06/S-SV-EMS-Fee-Schedule-Effective-7-1-2025-draft.pdf,https://www.ssvems.com/,https://npiregistry.cms.hhs.gov/,2026-01-11T22:32:11.827334
2026-01-11,Sierra-Sacramento Valley EMS,1447454541,Nevada,"Grass Valley, Nevada City, Truckee, Penn Valley","959xx, 961xx",County-wide,,Emergency (911),1447454541,Sierra-Sacramento Valley EMS,500.0,500.0,500.0,500.0,,,,,"JULY 1, 2025",,https://www.ssvems.com/wp-content/uploads/2025/06/S-SV-EMS-Fee-Schedule-Effective-7-1-2025-draft.pdf,https://www.ssvems.com/wp-content/uploads/2025/06/S-SV-EMS-Fee-Schedule-Effective-7-1-2025-draft.pdf,https://www.ssvems.com/,https://npiregistry.cms.hhs.gov/,2026-01-11T22:32:13.107098
2026-01-11,Sierra-Sacramento Valley EMS,1447454541,Tehama,"Red Bluff, Corning, Tehama",960xx,County-wide,,Emergency (911),1447454541,Sierra-Sacramento Valley EMS,500.0,500.0,500.0,500.0,,,,,"JULY 1, 2025",,https://www.ssvems.com/wp-content/uploads/2025/06/S-SV-EMS-Fee-Schedule-Effective-7-1-2025-draft.pdf,https://www.ssvems.com/wp-content/uploads/2025/06/S-SV-EMS-Fee-Schedule-Effective-7-1-2025-draft.pdf,https://www.ssvems.com/,https://npiregistry.cms.hhs.gov/,2026-01-11T22:32:14.441124
2026-01-11,Sierra-Sacramento Valley EMS,1447454541,Glenn,"Willows, Orland",959xx,County-wide,,Emergency (911),1447454541,Sierra-Sacramento Valley EMS,500.0,500.0,500.0,500.0,,,,,"JULY 1, 2025",,https://www.ssvems.com/wp-content/uploads/2025/06/S-SV-EMS-Fee-Schedule-Effective-7-1-2025-draft.pdf,https://www.ssvems.com/wp-content/uploads/2025/06/S-SV-EMS-Fee-Schedule-Effective-7-1-2025-draft.pdf,https://www.ssvems.com/,https://npiregistry.cms.hhs.gov/,2026-01-11T22:32:15.720424
2026-01-11,Sierra-Sacramento Valley EMS,1447454541,Colusa,"Colusa, Williams",959xx,County-wide,,Emergency (911),1447454541,Sierra-Sacramento Valley EMS,500.0,500.0,500.0,500.0,,,,,"JULY 1, 2025",,https://www.ssvems.com/wp-content/uploads/2025/06/S-SV-EMS-Fee-Schedule-Effective-7-1-2025-draft.pdf,https://www.ssvems.com/wp-content/uploads/2025/06/S-SV-EMS-Fee-Schedule-Effective-7-1-2025-draft.pdf,https://www.ssvems.com/,https://npiregistry.cms.hhs.gov/,2026-01-11T22:32:17.065784
2026-01-11,Sierra-Sacramento Valley EMS,1447454541,Siskiyou,"Yreka, Mount Shasta, Weed, Dunsmuir","960xx, 961xx",County-wide,,Emergency (911),1447454541,Sierra-Sacramento Valley EMS,500.0,500.0,500.0,500.0,,,,,"JULY 1, 2025",,https://www.ssvems.com/wp-content/uploads/2025/06/S-SV-EMS-Fee-Schedule-Effective-7-1-2025-draft.pdf,https://www.ssvems.com/wp-content/uploads/2025/06/S-SV-EMS-Fee-Schedule-Effective-7-1-2025-draft.pdf,https://www.ssvems.com/,https://npiregistry.cms.hhs.gov/,2026-01-11T22:32:18.351926
2026-01-11,North Coast EMS,1316143920,Del Norte,Crescent City,955xx,County-wide,,Emergency (911),1316143920,North Coast EMS,1800.0,1800.0,2200.0,2200.0,,,,35.0,,"Fallback from notes: ALS $2,200, BLS $1,800, Mileage $35/mi (2025 Del Norte Ambulance rates)",https://www.delnorteambulance.us.com/,https://www.delnorteambulance.us.com/,https://www.delnorteambulance.us.com/,https://npiregistry.cms.hhs.gov/,2026-01-11T22:32:23.114947
2026-01-11,Northern California EMS,1265547723,Lassen,Susanville,961xx,County-wide,,Emergency (911),1265547723,Northern California EMS,1500.0,1500.0,1800.0,1800.0,,,,,,"Fallback from notes: Nor-Cal EMS region - ALS $1,800, BLS $1,500 (estimated rural rates)",https://www.lassencounty.org/dept/health-and-social-services/public-health/emergency-medical-services,https://www.lassencounty.org/dept/health-and-social-services/public-health/emergency-medical-services,https://www.lassencounty.org/,https://npiregistry.cms.hhs.gov/,2026-01-11T22:32:27.398956
2026-01-11,Northern California EMS,1265547723,Modoc,Alturas,961xx,County-wide,,Emergency (911),1265547723,Northern California EMS,1500.0,1500.0,1800.0,1800.0,,,,,,"Fallback from notes: Nor-Cal EMS region - ALS $1,800, BLS $1,500 (estimated rural rates)",https://norcalems.org/,https://norcalems.org/,https://norcalems.org/,https://npiregistry.cms.hhs.gov/,2026-01-11T22:32:28.626088
2026-01-11,Northern California EMS,1265547723,Plumas,"Quincy, Portola","959xx, 961xx",County-wide,,Emergency (911),1265547723,Northern California EMS,1500.0,1500.0,1800.0,1800.0,,,,,,"Fallback from notes: Nor-Cal EMS region - ALS $1,800, BLS $1,500 (estimated rural rates)",https://norcalems.org/,https://norcalems.org/,https://norcalems.org/,https://npiregistry.cms.hhs.gov/,2026-01-11T22:32:29.672602
2026-01-11,North Coast EMS,1316143920,Trinity,"Weaverville, Hayfork",960xx,County-wide,,Emergency (911),1316143920,North Coast EMS,1500.0,1500.0,1800.0,1800.0,,,,,,"Fallback from notes: North Coast EMS region - ALS $1,800, BLS $1,500 (estimated rural rates)",https://www.trinitycounty.org/Health-Human-Services,https://www.trinitycounty.org/Health-Human-Services,https://www.trinitycounty.org/Health-Human-Services,https://npiregistry.cms.hhs.gov/,2026-01-11T22:32:34.196736
2026-01-11,Mountain-Valley EMS Agency,1316143938,Calaveras,"Angels Camp, San Andreas, Arnold","952xx, 953xx",County-wide,,Emergency (911),1316143938,Mountain-Valley EMS Agency,2300.0,2300.0,2800.0,2800.0,,,,55.0,,"Fallback from notes: ALS $2,800, BLS $2,300, Mileage $55/mi (2025 Ebbetts Pass Fire District rates)",https://mail.mvemsa.org/resources3/documents/contracts/ground-ambulance-provider-rates/1771-ebbetts-pass-rate-increase-2025/file,https://mail.mvemsa.org/resources3/documents/contracts/ground-ambulance-provider-rates/1771-ebbetts-pass-rate-increase-2025/file,https://mail.mvemsa.org/,https://npiregistry.cms.hhs.gov/,2026-01-11T22:32:37.346675
2026-01-11,Mountain-Valley EMS Agency,1316143938,Amador,"Jackson, Sutter Creek, Ione, Plymouth","956xx, 957xx",County-wide,,Emergency (911),1316143938,Mountain-Valley EMS Agency,3456.1,3456.1,3456.1,3456.1,,4689.18,,92.0,"July 1, 2025",,https://mail.mvemsa.org/resources3/documents/contracts/ground-ambulance-provider-rates/1770-ala-rate-increase-2025-1/file,https://mail.mvemsa.org/resources3/documents/contracts/ground-ambulance-provider-rates/1770-ala-rate-increase-2025-1/file,https://mail.mvemsa.org/,https://npiregistry.cms.hhs.gov/,2026-01-11T22:32:40.483497
2026-01-11,Mountain-Valley EMS Agency,1316143938,Mariposa,"Mariposa, El Portal, Yosemite","953xx, 954xx",County-wide,,Emergency (911),1316143938,Mountain-Valley EMS Agency,5000.0,5000.0,5400.0,5400.0,6000.0,,,,1/1/2025,,https://mail.mvemsa.org/resources3/documents/contracts/ground-ambulance-provider-rates/1772-mercy-ambulance-rates-2025/file,https://mail.mvemsa.org/resources3/documents/contracts/ground-ambulance-provider-rates/1772-mercy-ambulance-rates-2025/file,https://mail.mvemsa.org/,https://npiregistry.cms.hhs.gov/,2026-01-11T22:32:42.241417
2026-01-11,Mountain-Valley EMS Agency,1316143938,Mono,"Mammoth Lakes, Bridgeport, Lee Vining","935xx, 936xx",County-wide,,Emergency (911),1316143938,Mountain-Valley EMS Agency,2400.0,2400.0,2860.0,2860.0,,9100.0,,65.52,,"Fallback from notes: ALS $2,860, BLS $2,400, CCT $9,100, Mileage $65.52/mi (2025 AmWest Ambulance rates)",https://mail.mvemsa.org/resources3/documents/contracts/ground-ambulance-provider-rates/1769-amwest-ground-ambulance-rates-2025/file,https://mail.mvemsa.org/resources3/documents/contracts/ground-ambulance-provider-rates/1769-amwest-ground-ambulance-rates-2025/file,https://mail.mvemsa.org/,https://npiregistry.cms.hhs.gov/,2026-01-11T22:32:43.243752
2026-01-11,Inyo County EMS Agency,1417053249,Inyo,"Bishop, Lone Pine, Big Pine","935xx, 936xx",County-wide,,Emergency (911),1417053249,Inyo County EMS Agency,1800.0,1800.0,2200.0,2200.0,,,,,,"Fallback from notes: EMS provider transition in progress - ALS $2,200, BLS $1,800 (estimated)",https://www.inyocounty.us/services/health-human-services/emergency-medical-services,https://www.inyocounty.us/services/health-human-services/emergency-medical-services,https://www.inyocounty.us/services/health-human-services/emergency-medical-services,https://npiregistry.cms.hhs.gov/,2026-01-11T22:32:47.852583
2026-01-11,Mountain-Valley EMS Agency,1316143938,Alpine,Markleeville,961xx,County-wide,,Emergency (911),1316143938,Mountain-Valley EMS Agency,2400.0,2400.0,2860.0,2860.0,,9100.0,,65.52,,"Fallback from notes: ALS $2,860, BLS $2,400, CCT $9,100, Mileage $65.52/mi (2025 AmWest Ambulance rates)",https://mail.mvemsa.org/resources3/documents/contracts/ground-ambulance-provider-rates/1769-amwest-ground-ambulance-rates-2025/file,https://mail.mvemsa.org/resources3/documents/contracts/ground-ambulance-provider-rates/1769-amwest-ground-ambulance-rates-2025/file,https://mail.mvemsa.org/,https://npiregistry.cms.hhs.gov/,2026-01-11T22:32:48.857950
2026-01-11,Sierra County Health Department,1740395867,Sierra,"Downieville, Loyalton",961xx,County-wide,,Emergency (911),1740395867,Sierra County Health Department,1500.0,1500.0,1800.0,1800.0,,,,,,"Fallback from notes: Nor-Cal EMS region - ALS $1,800, BLS $1,500 (estimated rural rates)",https://www.sierracounty.ca.gov/,https://www.sierracounty.ca.gov/,https://www.sierracounty.ca.gov/,https://npiregistry.cms.hhs.gov/,2026-01-11T22:32:50.545730